q_value_max	residual_q_value_max	subtype
0.23296	0.23296	basal
0.24166	0.23747	her2
0.24105	0.90278	luma
0.1877	0.24058	lumb
